image,tags
py-code/image_cache/moths.jpg,"Here are some tags for this image:

Butterfly
Insects
Artwork
Abstract
Geometric
Colorful
Butterfly patterns
Butterfly designs
Butterfly illustrations
Butterfly art
Butterfly prints
Butterfly wallpaper
Butterfly collection
"
py-code/image_cache/mushroom1quer Kopie.jpg,"Here are some tags for this image:

Mushrooms
Nature
Fungi
Growth
Sprouts
Growth patterns
Organic shapes
Abstract art
Black and white
Checkerboard
Geometric
Natural elements
Fungal life
Earthy tones
Botanical illustration
"
py-code/image_cache/moths dkl.jpg,"Here are some tags for this image:

Butterfly
Butterfly Art
Butterfly Pattern
Butterfly Design
Butterfly Illustration
Butterfly Decor
Butterfly Print
Butterfly Wallpaper
Butterfly Artwork
Butterfly Pattern Art
Butter"
py-code/image_cache/monstra mixed.jpg,"Abstract, Blue, White, Orange, Leaf-like shapes, Modern art, Geometric, Colorful, Pattern, Artistic, Contemporary, Decorative, Nature-inspired, Minimalist, Vibrant, Dynamic, Playful, Expressive, Artistic, Creative, Unique, Unique, Unique"
py-code/image_cache/monstra mixed2_typo_kl.jpg,"Here are some tags for this image:

1. Monstera leaves
2. Nature
3. Plant life
4. Tropical plants
5. Green color
6. Abstract art
7. Plant silhouettes
8. Nature photography
9. Botanical illustration
10. Environmental art
11"
py-code/image_cache/monstra pink.jpg,"Here are some tags for this image:

Vibrant, tropical, tropical print, bold colors, orange and pink, tropical leaf pattern, tropical design, tropical art, tropical decor, tropical wallpaper, tropical fabric, tropical wallpaper, tropical art print, tropical textile, tropical fabric design, tropical print, tropical"
py-code/image_cache/semicircles.jpg,"Here are some tags for this image:

Geometric shapes
Colorful
Abstract art
Modern design
Geometric patterns
Vibrant hues
Contemporary style
Artistic composition
Symmetrical design
Geometric abstraction
Colorful shapes
Modern art
Geometric patterns
Vibrant colors
"
py-code/image_cache/mid mod 3to4 half circles.jpg,"Here are some tags for this image:

Colorful, geometric, abstract, modern, geometric shapes, circles, concentric circles, vibrant, warm colors, orange, yellow, blue, green, red, white, pattern, design, art, contemporary, abstract art, geometric art, colorful patterns, modern art,"
py-code/image_cache/sage_green1.jpg,"Abstract geometric art, modern art, contemporary design, minimalist art, geometric shapes, color blocking, abstract patterns, modern decor, art print, wall art, contemporary interior design, abstract art collection, modern art collection, abstract geometric design, contemporary abstract art, modern abstract art, abstract art for home, abstract art for"
py-code/image_cache/Stripes8.jpg,"Abstract, colorful, swirling patterns, fluid shapes, dynamic composition, vibrant hues, modern art, contemporary design, abstract expressionism, fluid art, colorful abstract, swirling shapes, abstract patterns, colorful swirls, fluid shapes art, abstract modern art, colorful abstract art, abstract fluid art, colorful abstract"
